id;altura;material;estilo;peso
1;cross-platform;Bedfordshire Salchichas;Pound feed Silla;Zapatos
2;Irlanda Papelería Hecho;Cambridgeshire Interno brand;Galicia;Inteligente withdrawal
3;Asistente Argentina Dinánmico;deposit invoice;B2B Ingeniero;architectures
4;Trinidad;Afganistán deposit Investment;program;Savings Sabroso Blanco
5;Blanco Intuitivo Rústico;Mancha;cross-platform system deposit;Agente
6;bandwidth Fiji quantifying;Identidad;calculating bandwidth;Amarillo
7;Palladium abierta bus;HTTP aggregate Persistente;Dollar Loan;Borders Bebes Ringgit
8;3rd e-business;Acero Datos;wireless Bedfordshire Account;Inteligente deposit Descentralizado
9;Juguetería Account;Investment;Silla arquitectura Mancha;hibrida deposit
10;Islands;Lado;Hogar Herzegovina;óptima Gorro
