id;tipo_pintura;material_pintura;estilo_pint
1;Senior Intuitivo;Guantes ejecutiva Berkshire;Checking
2;multi-byte Optimización;Adelante Increible Blanco;Borders hibrida
3;Azul methodologies estrategia;Franc;deposit
4;quantifying;Borders;Decoración
5;global fritas;Negro niches invoice;Total
6;Dinar bluetooth;Teclado estructura programming;Integración parsing Optimización
7;Compatible Kwacha;Bedfordshire;Seguridada
8;Informática;crítica facilitate frictionless;haptic Agente Mascotas
9;Funcionario synthesize Granito;Ramal;Seguro
10;Ladrillo Algodón driver;Cantabria deliverables;Checking
